Player Name,Position,Short Name,F to M,M to F,M to D,D to M,Position (new),Starts,total_points,Points (new position),NAP,NAPPS,Cost,True Cost
Aarons,2,NOR,,,,,2,36,66,66,-6,-0.17,50,
Abraham,4,CHE,,,,,4,25,133,133,83,3.32,75,
Adam Smith,2,BOU,,,,,2,24,49,49,1,0.04,#N/A,
Adams,4,SOU,,,,,4,12,45,45,21,1.75,60,
Adrián,1,LIV,,,,,1,9,25,25,7,0.78,45,
Agüero,4,MCI,,,,,4,15,107,107,77,5.13,105,
Aké,2,BOU,,,,,2,27,77,77,23,0.85,55,
Albrighton,3,LEI,,,,,3,7,22,22,8,1.14,55,
Alderweireld,2,TOT,,,,,2,33,97,97,31,0.94,55,
Alexander-Arnold,2,LIV,,,,,2,35,207,207,137,3.91,75,
Alisson,1,LIV,,,,,1,28,121,121,65,2.32,60,
Alli,3,TOT,,,,,3,20,112,112,72,3.60,80,
Almirón,3,NEW,,,,,3,35,103,103,33,0.94,60,
Alonso,2,CHE,,,,,2,16,98,98,66,4.13,60,
Alzate,3,BHA,,,,,3,12,26,26,2,0.17,45,
Amadou,3,NOR,,,,,3,7,14,14,0,0.00,#N/A,
André Gomes,3,EVE,,,,,3,15,36,36,6,0.40,55,
Angeliño,2,MCI,,,,,2,4,10,10,2,0.50,#N/A,
Antonio,3,WHU,,,,,3,17,97,97,63,3.71,65,
Armstrong,3,SOU,,,,,3,18,87,87,51,2.83,55,
Atsu,3,NEW,,,,,3,8,23,23,7,0.88,55,
Aubameyang,4,ARS,,,,,4,35,204,204,134,3.83,120,
Aurier,2,TOT,,,,,2,30,124,124,64,2.13,55,
Ayew,4,CRY,,,,,4,37,132,132,58,1.57,60,
Azpilicueta,2,CHE,,,,,2,36,130,130,58,1.61,60,
Bailly,2,MUN,,,,,2,1,6,6,4,4.00,50,
Baines,2,EVE,,,,,2,4,10,10,2,0.50,#N/A,
Balbuena,2,WHU,,,,,2,13,36,36,10,0.77,45,
Baldock,2,SHU,,,,,2,38,142,142,66,1.74,55,
Bardsley,2,BUR,,,1,,2,21,78,99,57,2.71,45,
Barkley,3,CHE,,,,,3,10,50,50,30,3.00,60,
Barnes,4,BUR,,,,,4,16,58,58,26,1.63,60,
Barnes,3,LEI,,,,,3,19,101,101,63,3.32,60,
Basham,2,SHU,,,,,2,37,122,122,48,1.30,50,
Batshuayi,4,CHE,,,,,4,1,2,2,0,0.00,60,
Bednarek,2,SOU,,,,,2,34,84,84,16,0.47,45,
Bellerín,2,ARS,,,,,2,13,42,42,16,1.23,50,
Bennett,2,LEI,,,,,2,9,27,27,9,1.00,45,
Bentaleb,3,NEW,,,,,3,7,14,14,0,0.00,#N/A,
Benteke,4,CRY,,,,,4,13,32,32,6,0.46,55,
Berge,3,SHU,,,,,3,11,37,37,15,1.36,50,
Bergwijn,3,TOT,,,,,3,6,33,33,21,3.50,75,
Bernard,3,EVE,,,,,3,11,54,54,32,2.91,60,
Bernardo,2,BHA,,,,,2,7,16,16,2,0.29,40,
Bernardo Silva,3,MCI,,,,,3,20,97,97,57,2.85,75,
Bertrand,2,SOU,,,,,2,30,80,80,20,0.67,50,
Bešić,3,SHU,,1,,,4,2,3,3,-1,-0.50,#N/A,
Billing,3,BOU,,,,,3,24,60,60,12,0.50,#N/A,
Bissouma,3,BHA,,,,,3,12,30,30,6,0.50,45,
Boly,2,WOL,,,,,2,22,97,97,53,2.41,55,
Boufal,3,SOU,,,,,3,6,16,16,4,0.67,55,
Bowen,3,WHU,,,,,3,10,41,41,21,2.10,65,
Brady,3,BUR,,,,,3,4,9,9,1,0.25,50,
Branthwaite,2,EVE,,,,,2,3,11,11,5,1.67,40,
Bravo,1,MCI,,,,,1,4,11,11,3,0.75,45,
Brooks,3,BOU,,,,,3,6,12,12,0,0.00,#N/A,
Brownhill,3,BUR,,,,,3,9,20,20,2,0.22,50,
Buendía,3,NOR,,,,,3,26,89,89,37,1.42,#N/A,
Burn,2,BHA,,,,,2,31,83,83,21,0.68,45,
Byram,2,NOR,,,,,2,14,29,29,1,0.07,#N/A,
Caballero,1,CHE,,,,,1,5,13,13,3,0.60,50,
Cahill,2,CRY,,,,,2,24,69,69,21,0.88,45,
Callum Robinson,3,SHU,1,,,,3,4,19,22,14,3.50,55,
Callum Wilson,4,BOU,,1,,,4,32,110,98,34,1.06,#N/A,
Calvert-Lewin,4,EVE,,,,,4,29,113,113,55,1.90,70,
Cancelo,2,MCI,,,,,2,12,40,40,16,1.33,55,
Cantwell,3,NOR,,,,,3,28,103,103,47,1.68,#N/A,
Capoue,3,WAT,,,,,3,29,78,78,20,0.69,#N/A,
Carlos Sánchez,3,WHU,,,,,3,1,2,2,0,0.00,#N/A,
Carroll,4,NEW,,,,,4,4,13,13,5,1.25,55,
Cathcart,2,WAT,,,,,2,27,75,75,21,0.78,#N/A,
Ceballos,3,ARS,,,,,3,18,52,52,16,0.89,#N/A,
Cédric,2,ARS,,,,,2,17,51,51,17,1.00,50,
Chalobah,3,WAT,,,,,3,8,22,22,6,0.75,#N/A,
Chamberlain,3,LIV,,,,,3,16,59,59,27,1.69,65,
Chambers,2,ARS,,1,,,4,11,30,27,5,0.45,45,
Chicharito,4,WHU,,,,,4,1,8,8,6,6.00,#N/A,
Chilwell,2,LEI,,,,,2,26,114,114,62,2.38,55,
Choudhury,3,LEI,,,,,3,9,17,17,-1,-0.11,50,
Christensen,2,CHE,,,,,2,18,33,33,-3,-0.17,50,
Clark,2,NEW,,,,,2,13,48,48,22,1.69,45,
Cleverley,3,WAT,,,,,3,9,25,25,7,0.78,#N/A,
Coady,2,WOL,,,,,2,38,118,118,42,1.11,50,
Coleman,2,EVE,,,,,2,17,53,53,19,1.12,50,
Connolly,4,BHA,,1,,,4,11,45,37,15,1.36,55,
Cork,3,BUR,,,,,3,29,69,69,11,0.38,50,
Cresswell,2,WHU,,,,,2,30,79,79,19,0.63,50,
Cutrone,4,WOL,,,,,4,3,6,6,0,0.00,#N/A,
Daniels,2,BOU,,,,,2,1,2,2,0,0.00,#N/A,
Danjuma,3,BOU,,,,,3,5,15,15,5,1.00,#N/A,
Dann,2,CRY,,,,,2,13,45,45,19,1.46,45,
Danso,2,SOU,,,,,2,2,8,8,4,2.00,#N/A,
David Luiz,2,ARS,,,,,2,30,99,99,39,1.30,55,
David Silva,3,MCI,,,,,3,20,132,132,92,4.60,#N/A,
Davies,3,EVE,,,,,3,21,47,47,5,0.24,55,
Davies,2,TOT,,,1,,2,16,39,46,14,0.88,55,
Davis,3,AVL,,,,,3,3,7,7,1,0.33,45,
Dawson,2,WAT,,,,,2,25,57,57,7,0.28,#N/A,
De Bruyne,3,MCI,,,,,3,32,248,248,184,5.75,115,
de Gea,1,MUN,1,,,,3,38,143,156,80,2.11,55,
Deeney,4,WAT,,,,,4,26,108,108,56,2.15,#N/A,
Delph,2,EVE,,,,,2,13,22,22,-4,-0.31,50,
Dendoncker,3,WOL,,,,,3,29,92,92,34,1.17,50,
Deulofeu,4,WAT,,,,,4,23,83,83,37,1.61,#N/A,
Dier,3,TOT,,,,,3,13,27,27,1,0.08,50,
Digne,2,EVE,,,,,2,34,119,119,51,1.50,60,
Diop,2,WHU,,,,,2,31,75,75,13,0.42,45,
Djenepo,3,SOU,,,,,3,8,31,31,15,1.88,55,
Doherty,2,WOL,,,,,2,29,152,152,94,3.24,60,
Doucouré,3,WAT,,,,,3,36,112,112,40,1.11,#N/A,
Douglas Luiz,3,AVL,,,,,3,28,69,69,13,0.46,50,
Drinkwater,3,AVL,,,,,3,2,3,3,-1,-0.50,#N/A,
Drmic,4,NOR,,,,,4,4,8,8,0,0.00,#N/A,
Dubravka,1,NEW,,,,,1,38,143,143,67,1.76,50,
Duda,3,NOR,,,,,3,8,22,22,6,0.75,#N/A,
Duffy,2,BHA,,,,,2,13,32,32,6,0.46,45,
Dummett,2,NEW,,,,,2,14,42,42,14,1.00,45,
Dunk,2,BHA,,,,,2,36,128,128,56,1.56,50,
Ederson,1,MCI,,,,,1,34,136,136,68,2.00,60,
Egan,2,SHU,,,,,2,35,136,136,66,1.89,50,
El Ghazi,3,AVL,,,,,3,22,73,73,29,1.32,60,
El Mohamady,2,AVL,,,,,2,10,26,26,6,0.60,45,
Emerson,2,CHE,,,,,2,10,16,16,-4,-0.40,50,
Engels,2,AVL,,,,,2,16,41,41,9,0.56,45,
Eriksen,3,TOT,,,,,3,10,35,35,15,1.50,#N/A,
Evans,2,LEI,,,,,2,38,128,128,52,1.37,55,
Fabianski,1,WHU,,,,,1,23,81,81,35,1.52,50,
Fabinho,3,LIV,,,,,3,22,72,72,28,1.27,55,
Felipe Anderson,3,WHU,,,,,3,17,58,58,24,1.41,65,
Fernandes,3,MUN,,,,,3,14,117,117,89,6.36,105,
Fernández,2,NEW,,,,,2,29,99,99,41,1.41,50,
Fernandinho,3,MCI,,,,,3,26,51,51,-1,-0.04,55,
Firmino,4,LIV,,,,,4,34,138,138,70,2.06,95,
Fleck,3,SHU,,,,,3,27,99,99,45,1.67,60,
Foden,3,MCI,,,,,3,7,45,45,31,4.43,65,
Fornals,3,WHU,,,,,3,22,74,74,30,1.36,65,
Foster,1,WAT,,,,,1,38,137,137,61,1.61,#N/A,
Fosu-Mensah,2,MUN,,,,,2,1,6,6,4,4.00,45,
Francis,2,BOU,,,,,2,9,14,14,-4,-0.44,#N/A,
Fraser,3,BOU,,,,,3,21,60,60,18,0.86,#N/A,
Fred,3,MUN,,,,,3,23,45,45,-1,-0.04,55,
Fredericks,2,WHU,,,,,2,24,71,71,23,0.96,45,
Freeman,3,SHU,,,,,3,3,6,6,0,0.00,50,
Fuchs,2,LEI,,,,,2,8,23,23,7,0.88,45,
Garcia,2,MCI,,,,,2,7,34,34,20,2.86,50,
Gayle,4,NEW,,,,,4,8,36,36,20,2.50,60,
Gazzaniga,1,TOT,,,,,1,18,58,58,22,1.22,45,
Gbamin,3,EVE,,,,,3,1,3,3,1,1.00,50,
Gibbs-White,3,WOL,,,,,3,1,2,2,0,0.00,50,
Gilmour,3,CHE,,,,,3,2,5,5,1,0.50,45,
Giroud,4,CHE,,,,,4,11,57,57,35,3.18,70,
Godfrey,2,NOR,,,,,2,29,37,37,-21,-0.72,#N/A,
Gomez,2,LIV,,,,,2,21,88,88,46,2.19,55,
Gordon,4,EVE,,,,,4,2,8,8,4,2.00,45,
Gosling,3,BOU,,,,,3,12,38,38,14,1.17,#N/A,
Gray,3,LEI,,,,,3,3,10,10,4,1.33,55,
Gray,4,WAT,,,,,4,4,14,14,6,1.50,55,
Grealish,3,AVL,,,,,3,36,149,149,77,2.14,70,
Greenwood,4,MUN,,,,,4,12,69,69,45,3.75,75,
Groß,3,BHA,,,,,3,18,66,66,30,1.67,60,
Guaita,1,CRY,,,,,1,35,137,137,67,1.91,50,
Gudmundsson,3,BUR,,,,,3,6,21,21,9,1.50,55,
Guendouzi,3,ARS,,,,,3,19,44,44,6,0.32,50,
Guilbert,2,AVL,,,,,2,23,61,61,15,0.65,45,
Gündogan,3,MCI,,,,,3,19,54,54,16,0.84,55,
Gunn,1,SOU,,,,,1,10,29,29,9,0.90,45,
Haller,4,WHU,,,,,4,23,93,93,47,2.04,65,
Hanley,2,NOR,,,,,2,14,22,22,-6,-0.43,#N/A,
Harry Wilson,3,BOU,,,,,3,15,60,60,30,2.00,55,
Hause,2,AVL,,,,,2,17,33,33,-1,-0.06,45,
Hayden,3,NEW,,,,,3,23,70,70,24,1.04,50,
Heaton,1,AVL,,,,,1,20,59,59,19,0.95,45,
Henderson,3,LIV,,,,,3,26,112,112,60,2.31,55,
Henderson,1,SHU,,,,,1,36,160,160,88,2.44,55,
Hendrick,3,BUR,,,,,3,21,58,58,16,0.76,#N/A,
Hennessey,1,CRY,1,,,,3,3,7,7,1,0.33,45,
Hernández,3,NOR,,,,,3,14,35,35,7,0.50,60,
Højbjerg,3,SOU,,,,,3,30,72,72,12,0.40,50,
Holding,2,ARS,,,,,2,6,14,14,2,0.33,45,
Holebas,2,WAT,,,,,2,11,15,15,-7,-0.64,#N/A,
Holgate,2,EVE,,,,,2,22,67,67,23,1.05,50,
Hourihane,3,AVL,,,,,3,15,61,61,31,2.07,60,
Hudson-Odoi,3,CHE,,,,,3,7,33,33,19,2.71,60,
Hughes,3,WAT,,,,,3,25,58,58,8,0.32,#N/A,
Idah,4,NOR,,,,,4,1,2,2,0,0.00,#N/A,
Iheanacho,4,LEI,,,,,4,6,28,28,16,2.67,60,
Ings,4,SOU,,,,,4,31,186,186,124,4.00,85,
Iwobi,3,EVE,,,,,3,16,43,43,11,0.69,60,
Jack Robinson,2,SHU,,,,,2,5,13,13,3,0.60,45,
Jagielka,2,SHU,,,,,2,2,2,2,-2,-1.00,#N/A,
Jahanbakhsh,3,BHA,,,,,3,2,10,10,6,3.00,55,
James,2,CHE,,,,,2,16,54,54,22,1.38,50,
James,3,MUN,,,,,3,24,81,81,33,1.38,50,
Janmaat,2,WAT,,,,,2,7,35,35,21,3.00,#N/A,
Jesus,4,MCI,,,,,4,20,120,120,80,4.00,95,
Jiménez,4,WOL,,,,,4,37,193,193,119,3.22,85,
Joelinton,4,NEW,,,,,4,30,71,71,11,0.37,60,
Johnson,2,WHU,,,,,2,3,6,6,0,0.00,40,
Jones,3,LIV,,,,,3,1,3,3,1,1.00,45,
Jones,2,MUN,,,,,2,1,1,1,-1,-1.00,45,
Jonny,2,WOL,,,,,2,31,121,121,59,1.90,55,
Jorginho,3,CHE,,,,,3,27,84,84,30,1.11,50,
Jota,3,AVL,,,,,3,2,9,9,5,2.50,65,
Jota,4,WOL,,,,,4,26,93,93,41,1.58,65,
Justin,2,LEI,,,,,2,11,30,30,8,0.73,45,
Kabasele,2,WAT,,,,,2,25,71,71,21,0.84,#N/A,
Kane,4,TOT,,,,,4,29,158,158,100,3.45,105,
Kanté,3,CHE,,,,,3,19,55,55,17,0.89,50,
Kean,4,EVE,,,,,4,6,28,28,16,2.67,60,
Keane,2,EVE,,,,,2,28,87,87,31,1.11,50,
Keita,3,LIV,,,,,3,8,42,42,26,3.25,55,
Kelly,2,BOU,,,,,2,7,10,10,-4,-0.57,45,
Kelly,2,CRY,,,,,2,17,63,63,29,1.71,45,
Kepa,1,CHE,,,,,1,33,90,90,24,0.73,50,
Ki Sung-yueng,3,NEW,,,,,3,1,2,2,0,0.00,#N/A,
Kiko Femenía,2,WAT,,,,,2,24,52,52,4,0.17,#N/A,
Kilman,2,WOL,,,,,2,2,4,4,0,0.00,40,
King,4,BOU,,,,,4,23,96,96,50,2.17,#N/A,
Klose,2,NOR,,,,,2,6,8,8,-4,-0.67,#N/A,
Kolasinac,2,ARS,,,,,2,18,48,48,12,0.67,50,
Konsa,2,AVL,,,,,2,21,63,63,21,1.00,45,
Kouyaté,3,CRY,,,,,3,29,79,79,21,0.72,50,
Kovacic,3,CHE,,,,,3,21,61,61,19,0.90,55,
Krafth,2,NEW,,,,,2,11,31,31,9,0.82,45,
Krul,1,NOR,,,,,1,36,109,109,37,1.03,#N/A,
Lacazette,4,ARS,,,,,4,19,67,67,29,1.53,85,
Lallana,3,LIV,,,,,3,3,9,9,3,1.00,65,
Lamela,3,TOT,,,,,3,11,43,43,21,1.91,60,
Lamptey,2,BHA,,,,,2,6,24,24,12,2.00,45,
Lansbury,3,AVL,,,,,3,2,4,4,0,0.00,45,
Lanzini,3,WHU,,,,,3,13,36,36,10,0.77,65,
Laporte,2,MCI,,,,,2,12,61,61,37,3.08,60,
Lascelles,2,NEW,,,,,2,23,72,72,26,1.13,45,
Lazaro,3,NEW,,,,,3,4,5,5,-3,-0.75,#N/A,
Leitner,3,NOR,,,,,3,7,15,15,1,0.14,#N/A,
Lejeune,2,NEW,,,,,2,5,10,10,0,0.00,45,
Lennon,3,BUR,,,,,3,3,5,5,-1,-0.33,#N/A,
Leno,1,ARS,,,,,1,29,113,113,55,1.90,50,
Lerma,3,BOU,,,,,3,29,64,64,6,0.21,#N/A,
Lewis,2,NOR,,,,,2,26,46,46,-6,-0.23,#N/A,
Lewis Cook,3,BOU,,,,,3,13,27,27,1,0.08,#N/A,
Lindelöf,2,MUN,,,,,2,34,115,115,47,1.38,50,
Lingard,3,MUN,,,,,3,7,13,13,-1,-0.14,60,
Lloris,1,TOT,,,,,1,20,97,97,57,2.85,55,
Lo Celso,3,TOT,,,,,3,14,36,36,8,0.57,70,
Locadia,4,BHA,,,,,4,1,2,2,0,0.00,#N/A,
Loftus-Cheek,3,CHE,,,1,,2,1,3,6,4,4.00,60,
Long,2,BUR,,,,,2,6,19,19,7,1.17,45,
Long,4,SOU,,,,,4,15,51,51,21,1.40,45,
Longstaff,3,NEW,,,,,3,13,24,24,-2,-0.15,50,
Lovren,2,LIV,,,,,2,8,16,16,0,0.00,#N/A,
Lowton,2,BUR,,,,,2,17,48,48,14,0.82,45,
Lucas Moura,3,TOT,,,,,3,24,82,82,34,1.42,70,
Lundstram,2,SHU,,,,,2,26,131,131,79,3.04,55,
Mac Allister,3,BHA,,,,,3,3,6,6,0,0.00,55,
Maddison,3,LEI,,,,,3,29,123,123,65,2.24,70,
Maguire,2,MUN,,,,,2,38,123,123,47,1.24,55,
Mahrez,3,MCI,,,,,3,18,144,144,108,6.00,85,
Maitland-Niles,2,ARS,,,,,2,14,40,40,12,0.86,50,
Mané,3,LIV,,,,,3,30,208,208,148,4.93,120,
Manquillo,2,NEW,,,,,2,17,62,62,28,1.65,45,
March,3,BHA,,,,,3,11,31,31,9,0.82,50,
Marí,2,ARS,,,,,2,1,7,7,5,5.00,45,
Mariappa,2,WAT,,,,,2,15,24,24,-6,-0.40,#N/A,
Martial,3,MUN,,,,,3,31,199,199,137,4.42,90,
Martin,1,WHU,,,,,1,5,20,20,10,2.00,40,
Martinelli,4,ARS,,,,,4,6,29,29,17,2.83,50,
Martínez,1,ARS,,,,,1,8,32,32,16,2.00,45,
Masina,2,WAT,,,,,2,19,62,62,24,1.26,#N/A,
Masuaku,2,WHU,,,,,2,9,22,22,4,0.44,45,
Mata,3,MUN,,,,,3,8,27,27,11,1.38,60,
Matic,3,MUN,,,,,3,18,52,52,16,0.89,50,
Matip,2,LIV,,,,,2,8,38,38,22,2.75,55,
Matthew Longstaff,3,NEW,,,,,3,6,24,24,12,2.00,50,
Maupay,4,BHA,,,,,4,29,120,120,62,2.14,65,
McArthur,3,CRY,,,,,3,36,91,91,19,0.53,55,
McBurnie,4,SHU,,,,,4,21,62,62,20,0.95,60,
McCarthy,3,CRY,,,,,3,15,27,27,-3,-0.20,45,
McCarthy,1,SOU,,,,,1,28,104,104,48,1.71,45,
McGinn,3,AVL,,,,,3,25,81,81,31,1.24,55,
McGoldrick,4,SHU,,,,,4,19,56,56,18,0.95,55,
McGovern,1,NOR,,,,,1,2,11,11,7,3.50,#N/A,
McLean,3,NOR,,,,,3,32,72,72,8,0.25,#N/A,
McNeil,3,BUR,,,,,3,37,122,122,48,1.30,60,
McTominay,3,MUN,,,,,3,19,62,62,24,1.26,50,
Mee,2,BUR,,,,1,3,32,110,87,23,0.72,50,
Mendy,3,LEI,1,,,,3,3,7,8,2,0.67,60,
Mendy,2,MCI,,,,,2,16,71,71,39,2.44,60,
Mepham,2,BOU,,,,,2,10,25,25,5,0.50,#N/A,
Meyer,3,CRY,,,,,3,6,12,12,0,0.00,50,
Milivojevic,3,CRY,,,,,3,28,78,78,22,0.79,60,
Milner,3,LIV,,,,,3,8,33,33,17,2.13,55,
Mina,2,EVE,,,,,2,24,73,73,25,1.04,55,
Minamino,3,LIV,,,,,3,1,2,2,0,0.00,65,
Mings,2,AVL,,,,,2,32,90,90,26,0.81,50,
Mitchell,2,CRY,,,,,2,2,2,2,-2,-1.00,40,
Mkhitaryan,3,ARS,,,,,3,1,2,2,0,0.00,#N/A,
Monreal,2,ARS,,,,,2,3,10,10,4,1.33,#N/A,
Montoya,2,BHA,,,,,2,20,59,59,19,0.95,45,
Moore,1,SHU,,,,,1,2,3,3,-1,-0.50,45,
Mooy,3,BHA,,,,,3,22,75,75,31,1.41,50,
Morgan,2,LEI,,,,,2,4,12,12,4,1.00,45,
Mount,3,CHE,,,,,3,30,125,125,65,2.17,70,
Mousset,4,SHU,,,,,4,8,39,39,23,2.88,60,
Moutinho,3,WOL,,,,,3,33,108,108,42,1.27,55,
Murray,4,BHA,,,,,4,6,16,16,4,0.67,50,
Mustafi,2,ARS,,,,,2,13,41,41,15,1.15,50,
Muto,4,NEW,,,,,4,1,2,2,0,0.00,50,
Nakamba,3,AVL,,,,,3,18,35,35,-1,-0.06,45,
Ndidi,3,LEI,,,,,3,29,82,82,24,0.83,50,
Ndombele,3,TOT,,,,,3,8,31,31,15,1.88,60,
Nelson,3,ARS,,,,,3,4,12,12,4,1.00,55,
Neto,3,WOL,,,,,3,6,22,22,10,1.67,55,
Neves,3,WOL,,,,,3,32,91,91,27,0.84,55,
Ngakia,2,WHU,,,,,2,5,8,8,-2,-0.40,#N/A,
Nketiah,4,ARS,,,,,4,6,21,21,9,1.50,60,
Noble,3,WHU,,,,,3,30,102,102,42,1.40,50,
Norwood,3,SHU,,,,,3,35,95,95,25,0.71,50,
Nyland,1,AVL,,,,,1,6,14,14,2,0.33,40,
Obafemi,4,SOU,,,,,4,5,23,23,13,2.60,50,
O'Connell,2,SHU,,,,,2,32,110,110,46,1.44,50,
Ogbonna,2,WHU,,,,,2,31,81,81,19,0.61,50,
Origi,4,LIV,,,,,4,5,40,40,30,6.00,55,
Oriol Romeu,3,SOU,,,,,3,20,42,42,2,0.10,45,
Osborn,3,SHU,,,,,3,4,10,10,2,0.50,50,
Otamendi,2,MCI,,,,,2,18,70,70,34,1.89,50,
Özil,3,ARS,,,,,3,16,51,51,19,1.19,70,
Patrício,1,WOL,,,,,1,38,153,153,77,2.03,55,
Pedro,3,CHE,,,,,3,8,29,29,13,1.63,#N/A,
Pépé,3,ARS,1,,,,3,22,98,108,64,2.91,80,
Pereira,2,LEI,,,,,2,28,123,123,67,2.39,50,
Pereira,3,MUN,,,,,3,17,53,53,19,1.12,50,
Pereyra,3,WAT,,,,,3,16,38,38,6,0.38,#N/A,
Pérez,3,LEI,,,,,3,23,116,116,70,3.04,65,
Pickford,1,EVE,,,,,1,38,117,117,41,1.08,50,
Pieters,2,BUR,,,,,2,19,74,74,36,1.89,45,
Podence,3,WOL,,,,,3,3,19,19,13,4.33,55,
Pogba,3,MUN,,,,,3,13,45,45,19,1.46,80,
Pope,1,BUR,,,,,1,38,170,170,94,2.47,55,
Praet,3,LEI,,,,,3,10,37,37,17,1.70,55,
Pröpper,3,BHA,,,,,3,30,73,73,13,0.43,50,
Pukki,4,NOR,,,,,4,32,135,135,71,2.22,#N/A,
Pulisic,3,CHE,,,,,3,19,104,104,66,3.47,85,
Ramsdale,1,BOU,,,,,1,37,126,126,52,1.41,50,
Randolph,1,WHU,,,,,1,2,3,3,-1,-0.50,45,
Rashford,4,MUN,,1,,,4,30,165,141,81,2.70,95,
Redmond,3,SOU,,,,,3,30,106,106,46,1.53,65,
Reina,1,AVL,,,,,1,12,41,41,17,1.42,#N/A,
Rice,3,WHU,,,,,3,38,105,105,29,0.76,50,
Richarlison,3,EVE,,,,,3,35,159,159,89,2.54,80,
Rico,2,BOU,,,,,2,26,85,85,33,1.27,#N/A,
Riedewald,3,CRY,,,,,3,5,10,10,0,0.00,45,
Ritchie,2,NEW,,,,,2,15,73,73,43,2.87,50,
Roberto,1,WHU,,,,,1,7,16,16,2,0.29,45,
Robertson,2,LIV,,,,,2,34,175,175,107,3.15,70,
Rodrigo,3,MCI,,,,1,3,25,80,43,-7,-0.28,55,
Rodriguez,4,BUR,,,,,4,18,72,72,36,2.00,60,
Rojo,2,MUN,,,,,2,1,2,2,0,0.00,50,
Rose,2,NEW,,,,,2,20,44,44,4,0.20,50,
Rüdiger,2,CHE,,,,,2,18,61,61,25,1.39,50,
Rupp,3,NOR,,,,,3,7,14,14,0,0.00,#N/A,
Ryan,1,BHA,,,,,1,38,135,135,59,1.55,45,
Saint-Maximin,3,NEW,,,,,3,21,87,87,45,2.14,55,
Saïss,2,WOL,,,,,2,29,94,94,36,1.24,50,
Saka,3,ARS,,,,,3,17,64,64,30,1.76,55,
Sakho,2,CRY,,,,,2,9,9,9,-9,-1.00,45,
Salah,3,LIV,,,,,3,33,232,232,166,5.03,120,
Samatta,4,AVL,,,,,4,10,25,25,5,0.50,60,
Sánchez,2,TOT,,,,,2,26,62,62,10,0.38,55,
Sarr,3,WAT,,,,,3,21,100,100,58,2.76,#N/A,
Schär,2,NEW,,,,,2,18,49,49,13,0.72,50,
Schelotto,2,BHA,,,,,2,4,6,6,-2,-0.50,#N/A,
Schlupp,3,CRY,1,,,,3,10,39,45,25,2.50,55,
Schmeichel,1,LEI,,,,,1,38,156,156,80,2.11,55,
Schneiderlin,3,EVE,,,,,3,9,14,14,-4,-0.44,#N/A,
Sessegnon,3,TOT,,,,,3,3,6,6,0,0.00,45,
Shaqiri,3,LIV,,,,,3,2,10,10,6,3.00,65,
Sharp,4,SHU,,,,,4,9,34,34,16,1.78,60,
Shaw,2,MUN,,,,,2,19,63,63,25,1.32,50,
Shelvey,3,NEW,,,,,3,23,102,102,56,2.43,55,
Sidibé,2,EVE,,,,,2,19,70,70,32,1.68,#N/A,
Sigurdsson,3,EVE,,,,,3,28,83,83,27,0.96,70,
Simpson,2,BOU,,,,,2,2,3,3,-1,-0.50,#N/A,
Sissoko,3,TOT,,,,,3,28,68,68,12,0.43,50,
Smallbone,3,SOU,,,,,3,5,20,20,10,2.00,45,
Smith Rowe,3,ARS,,,,,3,1,3,3,1,1.00,45,
Snodgrass,3,WHU,,,,,3,16,80,80,48,3.00,60,
Sokratis,2,ARS,,,,,2,19,57,57,19,1.00,50,
Solanke,4,BOU,,,,,4,17,54,54,20,1.18,#N/A,
Son,3,TOT,,,,,3,28,167,167,111,3.96,90,
Soucek,3,WHU,,,,,3,11,39,39,17,1.55,50,
Söyüncü,2,LEI,,,,,2,34,120,120,52,1.53,55,
Stacey,2,BOU,,,,,2,17,37,37,3,0.18,#N/A,
Stanislas,3,BOU,,,,,3,7,20,20,6,0.86,#N/A,
Stephens,3,BHA,,,,,3,28,58,58,2,0.07,45,
Stephens,2,SOU,,,,,2,27,86,86,32,1.19,45,
Sterling,3,MCI,,,,,3,29,191,191,133,4.59,115,
Steve Cook,2,BOU,,,,,2,26,52,52,0,0.00,#N/A,
Stevens,2,SHU,,,,,2,37,135,135,61,1.65,45,
Stiepermann,3,NOR,,,,,3,13,23,23,-3,-0.23,#N/A,
Stones,2,MCI,,,,,2,11,30,30,8,0.73,50,
Surman,3,BOU,,,,,3,2,3,3,-1,-0.50,#N/A,
Tanganga,2,TOT,,,,,2,6,17,17,5,0.83,50,
Targett,2,AVL,,,,,2,25,77,77,27,1.08,45,
Tarkowski,2,BUR,,,,,2,38,143,143,67,1.76,55,
Taylor,2,AVL,,,,,2,11,20,20,-2,-0.18,45,
Taylor,2,BUR,,,,,2,20,80,80,40,2.00,45,
Tettey,3,NOR,,,,,3,26,60,60,8,0.31,#N/A,
Thomas,2,LEI,,,,,2,3,15,15,9,3.00,45,
Tielemans,3,LEI,,,,,3,32,112,112,48,1.50,65,
Tierney,2,ARS,,,,,2,10,34,34,14,1.40,55,
Tomkins,2,CRY,,,,,2,18,48,48,12,0.67,45,
Tomori,2,CHE,,,,,2,14,47,47,19,1.36,50,
Torreira,3,ARS,,,,,3,13,29,29,3,0.23,50,
Tosun,4,EVE,,,,,4,5,15,15,5,1.00,60,
Townsend,3,CRY,,,,,3,13,32,32,6,0.46,60,
Traoré,3,WOL,,,,,3,26,116,116,64,2.46,65,
Travers,1,BOU,,,,,1,1,1,1,-1,-1.00,#N/A,
Trézéguet,3,AVL,,,,,3,20,82,82,42,2.10,55,
Trossard,3,BHA,,,,,3,20,77,77,37,1.85,60,
Trybull,3,NOR,,,,,3,12,24,24,0,0.00,#N/A,
Tuanzebe,2,MUN,,,,,2,2,4,4,0,0.00,45,
Valery,2,SOU,,,,,2,8,15,15,-1,-0.13,50,
Vallejo,2,WOL,,,,,2,2,1,1,-3,-1.50,#N/A,
van Aanholt,2,CRY,,,,,2,28,108,108,52,1.86,55,
van Dijk,2,LIV,,,,,2,38,178,178,102,2.68,65,
Vardy,4,LEI,,,,,4,33,198,198,132,4.00,100,
Vertonghen,2,TOT,,,,,2,18,57,57,21,1.17,#N/A,
Vestergaard,2,SOU,,,,1,3,16,50,44,12,0.75,45,
Vinagre,2,WOL,,,,,2,6,22,22,10,1.67,45,
Vokins,2,SOU,,,,,2,1,2,2,0,0.00,40,
Vrancic,3,NOR,,,,,3,6,17,17,5,0.83,#N/A,
Vydra,4,BUR,,,,,4,6,23,23,11,1.83,50,
Walcott,3,EVE,,,,,3,12,36,36,12,1.00,60,
Walker,2,MCI,,,,,2,25,110,110,60,2.40,60,
Walker-Peters,2,SOU,,,,,2,10,29,29,9,0.90,45,
Wan-Bissaka,2,MUN,,,,,2,34,126,126,58,1.71,55,
Ward,2,CRY,,,,,2,26,74,74,22,0.85,45,
Ward-Prowse,3,SOU,,,,,3,38,117,117,41,1.08,60,
Webster,2,BHA,,,,,2,29,86,86,28,0.97,45,
Welbeck,4,WAT,,,,,4,7,28,28,14,2.00,#N/A,
Wesley,4,AVL,,,,,4,21,67,67,25,1.19,60,
Westwood,3,BUR,,,,,3,35,118,118,48,1.37,55,
Wijnaldum,3,LIV,,,,,3,33,103,103,37,1.12,55,
Willems,2,NEW,,,,,2,16,62,62,30,1.88,#N/A,
Williams,2,LIV,,,,,2,2,11,11,7,3.50,40,
Williams,2,MUN,,,,,2,11,45,45,23,2.09,40,
Willian,3,CHE,,,,,3,28,157,157,101,3.61,80,
Willock,3,ARS,,,,,3,5,11,11,1,0.20,50,
Winks,3,TOT,,,,,3,24,45,45,-3,-0.13,55,
Wood,4,BUR,,,,,4,27,131,131,77,2.85,65,
Xhaka,3,ARS,,,,,3,29,71,71,13,0.45,55,
Yarmolenko,3,WHU,,,,,3,8,44,44,28,3.50,60,
Yedlin,2,NEW,,,,,2,8,20,20,4,0.50,45,
Yoshida,2,SOU,,,,,2,6,8,8,-4,-0.67,#N/A,
Young,2,MUN,,,,,2,10,22,22,2,0.20,#N/A,
Zabaleta,2,WHU,,,,,2,6,6,6,-6,-1.00,#N/A,
Zaha,3,CRY,,,,,3,36,118,118,46,1.28,70,
Zimmermann,2,NOR,,,,,2,15,33,33,3,0.20,#N/A,
Zinchenko,2,MCI,,,,,2,12,47,47,23,1.92,55,
Zouma,2,CHE,,,,,2,24,60,60,12,0.50,50,
,,,,,,,,,,,,,,
,,,,,,,,,,,,,,
,,,,,,,,,,,,,,
,,,,,,,,,,,,,,
,,,,,,,,,,,,,,
,,,,,,,,,,,,,,
,,,,,,,,,,,,,,
,,,,,,,,,,,,,,
,,,,,,,,,,,,,,
,,,,,,,,,,,,,,
,,,,,,,,,,,,,,
,,,,,,,,,,,,,,
,,,,,,,,,,,,,,
,,,,,,,,,,,,,,
,,,,,,,,,,,,,,
,,,,,,,,,,,,,,
,,,,,,,,,,,,,,
,,,,,,,,,,,,,,
,,,,,,,,,,,,,,
,,,,,,,,,,,,,,
,,,,,,,,,,,,,,
,,,,,,,,,,,,,,
,,,,,,,,,,,,,,
,,,,,,,,,,,,,,
,,,,,,,,,,,,,,
,,,,,,,,,,,,,,
,,,,,,,,,,,,,,
,,,,,,,,,,,,,,
,,,,,,,,,,,,,,
,,,,,,,,,,,,,,
,,,,,,,,,,,,,,
,,,,,,,,,,,,,,
,,,,,,,,,,,,,,
,,,,,,,,,,,,,,
,,,,,,,,,,,,,,
,,,,,,,,,,,,,,
,,,,,,,,,,,,,,
,,,,,,,,,,,,,,
,,,,,,,,,,,,,,
,,,,,,,,,,,,,,
,,,,,,,,,,,,,,
,,,,,,,,,,,,,,
,,,,,,,,,,,,,,
,,,,,,,,,,,,,,
,,,,,,,,,,,,,,
,,,,,,,,,,,,,,
,,,,,,,,,,,,,,
,,,,,,,,,,,,,,
,,,,,,,,,,,,,,
,,,,,,,,,,,,,,
,,,,,,,,,,,,,,
,,,,,,,,,,,,,,
,,,,,,,,,,,,,,
,,,,,,,,,,,,,,
,,,,,,,,,,,,,,
,,,,,,,,,,,,,,
,,,,,,,,,,,,,,
,,,,,,,,,,,,,,
,,,,,,,,,,,,,,
,,,,,,,,,,,,,,
,,,,,,,,,,,,,,
,,,,,,,,,,,,,,
,,,,,,,,,,,,,,
,,,,,,,,,,,,,,
,,,,,,,,,,,,,,
,,,,,,,,,,,,,,
,,,,,,,,,,,,,,
,,,,,,,,,,,,,,
,,,,,,,,,,,,,,
,,,,,,,,,,,,,,
,,,,,,,,,,,,,,
,,,,,,,,,,,,,,
,,,,,,,,,,,,,,
,,,,,,,,,,,,,,
,,,,,,,,,,,,,,
,,,,,,,,,,,,,,
,,,,,,,,,,,,,,
,,,,,,,,,,,,,,
,,,,,,,,,,,,,,
,,,,,,,,,,,,,,
,,,,,,,,,,,,,,
,,,,,,,,,,,,,,
,,,,,,,,,,,,,,
,,,,,,,,,,,,,,
,,,,,,,,,,,,,,
,,,,,,,,,,,,,,
,,,,,,,,,,,,,,
,,,,,,,,,,,,,,
,,,,,,,,,,,,,,
,,,,,,,,,,,,,,
,,,,,,,,,,,,,,
,,,,,,,,,,,,,,
,,,,,,,,,,,,,,
,,,,,,,,,,,,,,
,,,,,,,,,,,,,,
,,,,,,,,,,,,,,
,,,,,,,,,,,,,,
,,,,,,,,,,,,,,
,,,,,,,,,,,,,,
,,,,,,,,,,,,,,
,,,,,,,,,,,,,,
,,,,,,,,,,,,,,
,,,,,,,,,,,,,,
,,,,,,,,,,,,,,
,,,,,,,,,,,,,,
,,,,,,,,,,,,,,
,,,,,,,,,,,,,,
,,,,,,,,,,,,,,
,,,,,,,,,,,,,,
,,,,,,,,,,,,,,
,,,,,,,,,,,,,,
,,,,,,,,,,,,,,
,,,,,,,,,,,,,,
,,,,,,,,,,,,,,
,,,,,,,,,,,,,,
,,,,,,,,,,,,,,
,,,,,,,,,,,,,,
,,,,,,,,,,,,,,
,,,,,,,,,,,,,,
,,,,,,,,,,,,,,
,,,,,,,,,,,,,,
,,,,,,,,,,,,,,
,,,,,,,,,,,,,,
,,,,,,,,,,,,,,
,,,,,,,,,,,,,,
,,,,,,,,,,,,,,
,,,,,,,,,,,,,,
,,,,,,,,,,,,,,
,,,,,,,,,,,,,,
,,,,,,,,,,,,,,
,,,,,,,,,,,,,,
,,,,,,,,,,,,,,
,,,,,,,,,,,,,,
,,,,,,,,,,,,,,
,,,,,,,,,,,,,,
,,,,,,,,,,,,,,
,,,,,,,,,,,,,,
,,,,,,,,,,,,,,
,,,,,,,,,,,,,,
,,,,,,,,,,,,,,
,,,,,,,,,,,,,,
,,,,,,,,,,,,,,
,,,,,,,,,,,,,,
,,,,,,,,,,,,,,
,,,,,,,,,,,,,,
,,,,,,,,,,,,,,
